2018-05-31;Bijlzwaaier neergeschoten
2018-05-30;Kwetsbare bewoners van gas afgekoppeld
2018-05-30;Kwetsbare bewoners Rotterdam van gas af
2018-05-25;Het geweld van de boze witte man
2018-05-24;Geef verward persoon bemoeizorg
2018-05-24;Dit verdienen bestrijders van terrorisme niet
2018-05-22;De witte blik in een week tv
2018-05-19;De melding over Malek F. kende de burgemeester niet
2018-05-19;Geschipper met Malek F. liep fout af
2018-05-18;Deze man wordt ten onrechte neergezet als een slachtoffer
2018-05-18;We stoppen verwarde mensen niet meer weg, dat is wennen
2018-05-18;Krikke door het stof om foute informatie 'Malek'
2018-05-18;Krikke diep door het stof
2018-05-18;Krikke overleeft raadsdebat
2018-05-18;Burgemeester betreurt ophef
2018-05-18;Den Haag slikt uitleg na steekpartij
2018-05-18;De term 'verward' is journalistiek overbodig en misleidend
2018-05-17;Wittebroodsweken op Justitie zijn voorbij
2018-05-17;Wilders op zoek naar Mohammed-cartoons
2018-05-17;Krikke door stof om steekpartij
2018-05-17;Krikke heeft iets uit te leggen over de Syrische messentrekker
2018-05-17;Syriër blijft langer vast
2018-05-17;Aangifte familie F. tegen ggz-instelling na steekpartij
2018-05-17;Transparantie
2018-05-16;Politie was wel gewaarschuwd voor Malek F.
2018-05-16;'Tip verzwijgen onacceptabel en levensgevaarlijk'
2018-05-15;Epilepticus in boeien afgevoerd
2018-05-15;Het hele Nederlandse volk zocht het juiste woord
2018-05-12;Fantasten of helden?
2018-05-12;We kregen intussen niet al te veel mee van de gevolgen van de opgeblazen Irandeal
2018-05-12;Inbox van de redactie
2018-05-12;In de genadeloze staat zijn we alleen tolerant voor onszelf
2018-05-12;De kerk van de haat
2018-05-12;Van stemmingen en psychoses tot een kleurrijk Panaroma Waddenzee
2018-05-12;lezersreacties
2018-05-11;Stad gewaarschuwd voor 'ruitengooier'
2018-05-11;Het is een verwarde man. Gaat u maar rustig slapen
2018-05-09;Brieven
2018-05-09;Gemeente kende aanvaller HaCarmel
2018-05-09;Geboren om slachtoffer of dader te worden
2018-05-09;Wat we weten over de Haagse verdachte
2018-05-09;In de war of een terrorist?
2018-05-08;Waarom geloven we niet dat Malek F. een verwarde man kan zijn?
2018-05-08;Steekincident roept vragen op in Kamer
2018-05-08;Kramp rondom de steek-Syriër
2018-05-08;Onbegrip
2018-05-08;De balans tussen veiligheid en angst
2018-05-08;Terroristisch motief wordt niet uitgesloten
2018-05-08;GEACHTE LEZER
2018-05-08;Je kunt terrorist en verward tegelijk zijn
2018-05-08;Krikke bezoekt getroffenen
2018-05-08;'Terrorisme staat op ons netvlies'
2018-05-08;Een terrorist of een verward persoon?
2018-05-08;Ik heb gelijk. Discussie gesloten. Kop houden!
2018-05-08;Is een terrorist ook een verward persoon?
2018-05-08;Regentesk
2018-05-07;'Plots draaide Malek door'
2018-05-07;'De dader bleef doodkalm, hij wandelde rustig weg'
2018-05-07;Afschuw over steekpartij
2018-05-07;Buren waren bang voor F.
2018-05-07;'Iemand kan ook best doen alsof'
2018-05-07;Verwarring
2018-05-07;Een stem in mijn hoofd
2018-05-07;'Hij wandelde rustig, met dat mes in z'n hand'
2018-05-07;Verwarde man verwondt 3 mensen
2018-05-07;Verwarde man slaat Duitse toeristes
2018-05-05;Vertel niet waar de puzzelstukjes zijn
2018-05-05;Echt ontspannen is het niet op de Dam
2018-05-02;Passagier voorkomt openen nooddeur
2018-05-01;Verwarde dader krijgt zorg of straf
2018-05-01;Toch weer meer bedden in GGZ
2018-04-27;Het geheugen als politiek rookgordijn
2018-04-25;Hoe kon deze jongen zoiets doen?
2018-04-25;In psychische nood en toch gewapend
2018-04-21;'Lieve Joostie, het spijt me zo'
2018-04-21;Abnormale is niet altijd geestesziek
2018-04-21;'We gaan voorbij aan de schoonheid van gekte, aan het talent ervan'
2018-04-20;De grenzen van het pastoraat
2018-04-19;Huwelijk in ziekenhuis Münster
2018-04-18;Burgemeester komt naar 'geterroriseerde' straat
2018-04-17;Haren heeft zijn eigen Gronings leed
2018-04-16;Dochter kwijt, wel dokken
2018-04-14;kameragenda
2018-04-12;Korte berichten
2018-04-12;'Maak vaart met aanpak verwarde mensen'
2018-04-12;"„Vaart maken met aanpak verwarde mensen"",106 woorden"""
2018-04-12;Hulp verwarde personen is fantastisch geregeld, op papier dan
2018-04-10;Fitzcarraldo
2018-04-09;Drama op Münsters terras
2018-04-09;Nieuwe aanslag in Berlijn voorkomen
2018-04-09;Verwarde man rijdt in op vol terras in Münster
2018-04-07;Verwardheid is primair de verantwoordelijkheid van de ggz
2018-04-07;Uitgaven ggz hoger, aantal crisisgevallen neemt af
2018-04-07;Na de bonnetjes nu de tovenaars: is NRC op heksenjacht of is Avatar echt overal?
2018-04-07;Zorgverzekeraars zien geen stijging van verwarde personen
2018-04-06;Particuliere hulp politie
2018-04-06;Verwarde mens bezorgt minder last dan gevreesd
2018-04-06;Uitgaven ggz hoger, afname crisisgevallen
2018-04-06;Kort nieuws
2018-04-05;De sprong
2018-04-05;Verwarde man sterft na komst politie
2018-04-03;Avatar is overal. Ook bij de politie
2018-03-30;harde noten 35 Gerard ter Horstbeeld facebook Draaikolk op Goede Vrijdag Goede Vrijdag vandaag - en dus schrijf ik over een song die me al meer dan twintig jaar bij tijd en wijle door de ziel snijdt. Mijn eerste herinnering eraan ligt op Texel, wa
2018-03-29;Bedreigen, slaan en schoppen, vorig jaar 9100 keer geweld tegen politieagenten
2018-03-28;Elk uur wordt een agent beschimpt en geslagen
2018-03-28;[#xfffc] Weinig kans op aparte begroting rechters Er komt waarschijnlijk geen aparte begroting voor de rechtspraak. De SP hoopte op steun van D66 om dat in de wet vast te leggen, maar die regeringspartij voelt daar toch niets voor. Het kabinet is er evenmin
2018-03-23;Begrip tonen is de eerste stap
2018-03-12;Geef 't schaatsen terug aan de buitenlucht
2018-03-09;'Veel boze mensen, dat hoort erbij'
2018-03-08;Ggz wordt geteisterd door angst
2018-03-07;Zorgen over babbeltrucs
2018-03-07;Onderscheiding voor redders
2018-03-07;ZORG
2018-03-06;Heldendaad
2018-03-01;De zorgsector moet zich schamen
2018-03-01;Stad onder nul
2018-03-01;Niet alleen verwarden lopen vast in de zorg
2018-02-28;Recordaantal incidenten met verwarde personen
2018-02-28;Verwarde mens oorzaak veel overlast
2018-02-28;Verward op straat nieuwe epidemie
2018-02-28;Debat over verwarde personen ontward
2018-02-28;Aantal meldingen over verward gedrag blijft stijgen
2018-02-24;Berecht aub alleen volwaardige verdachten
2018-02-21;Coke gevonden in bloed Selier
2018-02-20;Meer info nodig over 'neksteker'
2018-02-19;De duistere kant van een lieve, rustige man
2018-02-19;Dreigen met 'dat gele ding' is vaak al genoeg
2018-02-12;'Een veilig gevoel'
2018-02-12;Al veertig jaar springplank voor cabaretiers
2018-02-10;Politie heeft genoeg van massaal misbruik 112
2018-02-07;Hoe te leven met littekens
2018-02-06;Bloedonderzoek verwarde man
2018-02-06;Enorm gebrek aan crisisopvang
2018-02-06;Kan de politie verwarde mensen wel aan?
2018-02-05;Weer ophef over harde arrestatie
2018-02-05;Waddinxveen Demonstratie om 'buitensporig politiegeweld' tegen Paul Selier
2018-02-05;Ambulances kunnen het werk niet meer aan - '112 is zo gebeld'
2018-02-03;Onderzoek naar dood 'verwarde man' na incident met politie
2018-02-03;Onderzoek naar overlijden van Hagenaar bij arrestatie
2018-02-03;Waddinxveen Onderzoek naar dode man, slaan door politie gefilmd
2018-02-03;Onderzoek naar rol van politie bij dodelijk incident
2018-02-01;Krijgen banken nog heimwee naar Bonnie & Clyde?
2018-01-29;Rock-'n-roddel
2018-01-29;Nieuwe wet ggz: hoop en stroop
2018-01-27;Kijken in de wijken
2018-01-24;Vaker tbs voor weigeraar mogelijk
2018-01-24;Zorg waar zorg het beste werkt
2018-01-24;Meer dwang mogelijk bij verwarde personen
2018-01-23;'Signalen serieus nemen'
2018-01-23;Het leven van meneer B.
2018-01-22;Gezin schrikt van man met bijl
2018-01-22;Met hakbijl een huis in
2018-01-20;Schadevergoeding, omdat het kan
2018-01-20;Nepnieuws is zélf nepnieuws
2018-01-20;Staat ze weer naakt op het balkon
2018-01-19;Gewonden bij steekpartij
2018-01-19;Steekpartij op campus Wageningen
2018-01-18;Een avondje met noodhulpagenten
2018-01-18;'Plaats overlastgevende huurders direct uit huis'
2018-01-17;Gemeente te passief bij aanpak overlastgevers
2018-01-15;'Een prachtig kereltje, ik moet er nu van genieten'
2018-01-13;Hulpverleners moeten bij 'verwarde' patiënten wachten tot het misgaat
2018-01-10;Nú
2018-01-10;'Politie snapt dat één woord alles uitmaakt'
2018-01-05;Hoekert
2018-01-02;GGD's aan zet bij hulp aan verwarde mensen
2018-01-02;Gewonden bij ruzies oud en nieuw
2017-12-30;Trump doet bank pijn
2017-12-30;Het kwaad aankijken
2017-12-30;[Stilte s.v.p. De Brief van de Dag van Roos Vonk (2...]*
2017-12-30;Verwarde mensen 'Top600' voor patiënten
2017-12-30;Toename incidenten met verwarde personen vraagt om preventieve aanpak
2017-12-30;Sterke toename aantal moorden
2017-12-29;Aantal moorden door verwarde personen stijgt
2017-12-28;Nederland is al beddenkampioen
2017-12-27;Ook Top 600 van patiënten
2017-12-23;Manager
2017-12-23;Ministers: meer zorg verwarde personen
2017-12-23;'Verwarde' slaat weer toe
2017-12-23;Verwarde vrouw gijzelt collega bij veerdienst in Den Helder
2017-12-23;'Eerst verwaarlozen ze het huis. Later gaan ze schreeuwen'
2017-12-23;Die ingeslagen ruit rinkelde rijkelijk laat in de krant
2017-12-23;Nog even geduld alstublieft, de hulpverlener komt eraan
2017-12-23;'Ik vecht mij kapot voor de publieke omroep'
2017-12-23;Overlast 'Snel topoverleg over verwarde mensen'
2017-12-22;'Wat moeten jullie hier nog, na '45?'
2017-12-21;Verward en gevaarlijk, maar wel vrij
2017-12-20;'Verwarde mensen dodelijker dan terreur'
2017-12-20;Noodkreet om 'warhoofden'
2017-12-20;Grote zorgen over overlast verwarde personen
2017-12-20;[Korpschef Frank Paauw van de Rotterdamse politie m...]*
2017-12-20;Zorg politie over geweld verwarden
2017-12-20;Politie bezorgd over verwarden
2017-12-18;'Debat toont bestaande tweedeling in ons land'
2017-12-16;Dader Schiphol is 'verwarde man'
2017-12-16;Steekpartij Maastricht door een verwarde man
2017-12-16;Plaza-paniek om schoten
2017-12-16;Man met mes neergeschoten op Schiphol plaza
2017-12-16;Wat dreef Syriër tot doodsteek?
2017-12-16;Incident op Schiphol, man neergeschoten
2017-12-16;Man met mes neergeschoten op Schiphol
2017-12-16;Maastricht 2 doden bij steekpartijen, 'verwarde man' gepakt
2017-12-16;Schiphol Dreiger gewond
2017-12-16;Maastricht Slachtoffers van twee steekpartijen waren 46 en 56
2017-12-16;"„Winkelpersoneel zei: Rennen"",191 woorden"""
2017-12-16;Identiteit van slachtoffers steekpartij Maastricht bekend
2017-12-16;Marechaussee schiet verwarde man neer op Schiphol Plaza
2017-12-09;Wat is er toch met Brunssum?
2017-12-04;Nooit meer in de isoleer
2017-12-02;Dood echtpaar schokt buren
2017-11-30;Vrouw die kleuter achterliet, zit vast
2017-11-27;Domineeskinderen delen herinneringen
2017-11-17;Manifest: kunst, psychiatrie en stigmabestrijding
2017-11-11;Rechter ziet meer verwarde mensen
2017-11-10;Ambulancezorg zelf noodgeval
2017-11-09;Evacuatie na gaslekkage
2017-11-09;Lieve oma, herken je me nog?
2017-11-03;Groot feest bij eeuweling Luxor
2017-11-01;Ophef in de regio
2017-10-28;'Hij sloeg toen zomaar een ruit in'
2017-10-28;Kinderen maken luisterboek over Reformatie
2017-10-27;Verwarde man rijdt Luxor in
2017-10-27;Krant bewapent journalisten
2017-10-26;Verwarde moet cel in voor belagen advocaat Plasman en ex
2017-10-25;Schäubles stempel op Europa laat zich niet makkelijk uitwissen
2017-10-23;Blind in zedenzaken
2017-10-23;'Stop die controlecultuur'
2017-10-21;'Oplossing na Anne blijft uit'
2017-10-21;'gevaarlijke gek nu op lijst'
2017-10-18;OV anno 2017: zowat een en al love, peace& happiness
2017-10-18;Over een sigaar van Winston Churchill en een met geld strooiende timmerman
2017-10-16;'Meer dan 2 miljoen Nederlanders zijn verstandelijk beperkt'
2017-10-16;De morele leegte van vier etterbakken blijft leeg
2017-10-14;Ongeval of aanslag?
2017-10-13;Een mysterie op het spoor gekomen
2017-10-12;Aanvullingen & verbeteringen
2017-10-10;Camping Wildzicht
2017-10-07;'Ggz niet op orde'
2017-10-07;Gospel zonder God
2017-10-06;'Ik bepaal nu zelf wanneer ik eet'
2017-10-06;Apotheek alert op verwarring
2017-10-06;Rapport: zorg verwarde personen deugt niet
2017-10-06;Apotheker kan psychische crises zien aankomen
2017-10-05;",,Kijk anders naar verward persoon"",257 woorden"""
2017-09-30;Schäuble: de man die de AfD in toom moet zien te houden
2017-09-30;Schäuble moet AfD'ers in gareel houden
2017-09-28;Duitse schatkistbewaarder met negen levens
2017-09-23;CBS: Overlast in buurten neemt af
2017-09-22;Regio's verdienen meer armslag
2017-09-21;PvdA luidt de noodklok over woningnood
2017-09-19;Millennials schrijven troonrede vanuit 't hart
2017-09-19;De aanklager: Leg strafeis beter uit
2017-09-15;Nieuwe Duitse regering gaat turbulente tijden tegemoet
2017-09-13;Scheidslijn tussen behandeling en mishandeling van patiënt is dun
2017-09-09;Is de taser in slechte handen bij de straatagent?
2017-09-07;Onrust in je hoofd en geen plek waar je hulp kunt krijgen
2017-09-06;Zorgen om gebrek aan hoogwerker
2017-09-06;Verwarde vrouw (92) van de weg gehaald
2017-09-02;Op bezoek in Noord-Brabant
2017-09-01;Oordeel vooral zelf, maar verplaats je eerst in een ander
2017-08-30;Burgervader bedreigd met motorzaag
2017-08-28;Psychose? Betrek ook de familie
2017-08-26;Telefoons kwijt na bellen 112
2017-08-26;'Ik ga niet piepen als je mij extremist noemt'
2017-08-26;Man valt soldaten aan in Brussel
2017-08-19;Gijzeling om zendtijd
2017-08-18;De ondergang van de koning
2017-08-18;",,Geen hekken om Mediapark"",177 woorden"""
2017-08-16;Dader slikte veel medicijnen
2017-08-08;Coffeeshop West dichtgetimmerd
2017-08-08;Coffeeshop dicht na wapendreiging
2017-08-07;'Wat lokaal loskomt aan wilskracht, is ongelooflijk'
2017-08-05;Geweldsincidenten Schiphol nemen toe
2017-08-05;Vaker ingrijpen op Schiphol
2017-08-01;Politieman van de straat kwam niet meer los van geldsmijtrel
2017-07-28;Ander huis voor buren na brand
2017-07-27;Verwarde man (29) mishandelt politieagente op treinstation Olst
2017-07-27;Verwarde man mishandelt agente in Olst
2017-07-26;Verwarde man slaat erop los
2017-07-20;Psychiatrisch patiënt vaker naar acute zorg
2017-07-20;'Brandstichter was wandelende tijdbom'
2017-07-07;Huisraad door raam op straat
2017-07-04;brieven kort
2017-07-03;Sojamelk
2017-07-01;Wie is De Mol?
2017-07-01;",,Agententekort laat zich ook in stad gevoelen"",703 woorden"""
2017-06-30;[ Arriva is tekortgeschoten in de beoordeling van d...]*
2017-06-30;Neerschieten verwarde man was noodweer
2017-06-30;",,Stel regisseur aan voor verwarden"",154 woorden"""
2017-06-30;'Help een verward mens sneller'
2017-06-26;kort nieuws Amsterdam
2017-06-23;Vooral familie bij meldpunt
2017-06-22;Framen voor beginners
2017-06-22;[ De brandweer heeft de grote brand in een middelba...]*
2017-06-22;Vrijspraak voor man bij huis koning
2017-06-21;Eis: 12 jaar cel voor Mustafa A.
2017-06-20;Was het een terrorist of 'gladgeschoren witte man'?
2017-06-19;De klusjesman die detectivewerk deed
2017-06-16;China Minstens zeven doden bij explosie naast creche
2017-06-16;China Zeker 8 doden bij crèche na explosie zelfgemaakte bom
2017-06-16;Als vuur je wapen is
2017-06-15;Veiligheid Verwarde man stal truck Defensie
2017-06-15;Joyride 'Verwarde man' steelt legertruck
2017-06-15;Agenten pakken wapen verwarde man (69) af
2017-06-15;Verwarde man rijdt met truck Defensie
2017-06-14;Doodstraf in Pakistan nu ook voor onlineblasfemie
2017-06-14;Eerste doodstraf om godslastering op sociale media
2017-06-12;Hulpverleners krijgen les in verward gedrag
2017-06-08;Verwarde man afgewezen
2017-06-02;Tientallen doden bij aanval casino
2017-06-01;Politie haalt verwarde man van dak
2017-05-31;Uit het niets doodgestoken
2017-05-31;Biko M. ontkent moord op Anita
2017-05-19;Misdaadgolf in het dorp: ))n inbreker
2017-05-18;Waken voor herrijzen van probleemwijk
2017-05-17;Politie schiet verwarde man neer in Capelle
2017-05-15;Verwarde vrouw stal brons begraafplaats
2017-05-09;Princetonsyndroom
2017-05-09;Verwarde man met baby aangehouden
2017-05-08;Uit logeren na gasexplosie
2017-05-05;Spoor van vernielingen op Haagse begraafplaats
2017-05-05;Elf arrestaties bij herdenking
2017-05-04;Angstige uren om man met 'bomvest'
2017-05-01;Verwarde man dreigt met ontploffing
2017-05-01;'Politie moet zorg dragen voor verwarde'
2017-04-27;Waarschuwingsschot bij bomdreiger terecht
2017-04-27;Zijn derivaten nieuwste wapen van terroristen?
2017-04-24;Mijn ernstig zieke, gevaarlijke zoon zwerft op straat
2017-04-21;Corporaties pakken de wachtlijst aan
2017-04-20;Meer huizen nodig voor verwarden
2017-04-20;Verwarde personen voortaan in busje
2017-04-14;Huizen voor overlastgevers
2017-04-14;",,Meer woningen voor verwarde personen"",74 woorden"""
2017-04-11;Gevaarlijk. Vrouw klimt in bovenleiding van trein
2017-04-11;Verwarde vrouw klimt in bovenleiding trein
2017-04-07;16
2017-04-07;Weduwe van Macedoniër wil onderzoek naar zijn dood
2017-04-05;Minder mensen uit huis gezet, maar niet minder problemen
2017-03-29;Gaat het werkelijk zo goed met ons land? Tijd voor een échte visie
2017-03-25;Telefoongesprek over ditjes en datjes verijdelt zelfmoord
2017-03-24;Lid arrestatieteam krijgt taakstraf
2017-03-23;Verwarde man kaapt auto en richt ravage aan
2017-03-23;Ravage door autokaper in Den Haag
2017-03-18;Niet slechter
2017-03-15;Steker The Movies verplicht behandeld
2017-03-13;Indringer omzeilt bewaking Witte Huis
2017-03-13;",,Indringer op terrein rond het Witte Huis"",74 woorden"""
2017-03-11;fictie nieuwe boeken
2017-03-10;Verwarden niet meer in politiecel
2017-03-10;'Katholiek Nieuwsblad: geen oordelende toon'
2017-03-08;Niemand zag hoe mis het écht was met Bart van U.
2017-03-06;VR-video neemt je mee in het hoofd van een verwarde man
2017-03-04;Ouders doodgeschoten verwarde man willen vervolging agenten
2017-03-04;het mooiste nederland 100 jaar De Stijl
2017-03-03;Moordverdachte wordt voorgeleid
2017-03-02;Ergernis in klein leed
2017-03-01;Steker The Movies herinnert zich niks
2017-02-28;Messentrekker The Movies staat voor rechter
2017-02-24;Het gaat om de mens achter de kille cijfers
2017-02-22;Opvang, van zorgtaxi tot straatpsychiater
2017-02-21;Psycholance 'Meneer, hier is uw ruimteschip'
2017-02-21;GGZ: Beter voorwerk maakt minder politie-inzet mogelijk
2017-02-21;Meer overlast door verwarde personen
2017-02-21;'Nu is het klaar, hiervalt niks te halen'
2017-02-20;Weer aanval op politiebureau
2017-02-16;Winkelverbod herrieschopper
2017-02-15;Meldpunt
2017-02-10;Meer verwarde mensen gesignaleerd, toch minder patiënten bij crisisdienst
2017-02-10;'Niets is wat het lijkt in de geestelijke zorg'
2017-02-10;Verwarde personen Minder mensen met psychische stoornis bij crisisdienst
2017-02-10;Minder verwarden bij crisisdienst
2017-02-08;Met de rug tegen de muur
2017-02-06;Conformisme
2017-02-04;Vreemde Tijden (I)
2017-02-03;Kamer ziet niets in compromis opvang verwarde personen
2017-02-03;Drugsvangst leidt naar ontvoering
2017-02-03;Kamer blijft tegen aanpak verwarden
2017-02-02;Politie aan slag met stroomstootwapens
2017-02-02;'Zelfs een zwangere vrouw kun je taseren'
2017-02-02;Gedwongen opname schadelijker dan verwardheid
2017-02-02;Kritiek op opname ter observatie
2017-02-01;Klootzak
2017-02-01;Verward
2017-02-01;Wie afwijkt, is al gauw 'verward'
2017-01-31;'Tijdbommen' van de straat
2017-01-31;Noem ze geen 'verwarde personen'
2017-01-31;Het begrip 'verwarde persoon' schept voornamelijk verwarring
2017-01-31;'Patiënten die reëel gevaar vormen, moet je desnoods dwingen'
2017-01-31;Hoe je dementerenden de weg wijst leer je online
2017-01-31;",,Verwarde persoon leidt tot verwarring"""
2017-01-27; Het moet ook zonder mij kunnen 
2017-01-24;18
2017-01-24;Minder bedden? Dan wel zorg thuis
2017-01-21;Martje staat voor een dichte deur
2017-01-21;Zorgen over groeiend aantal verwarde jongeren in Friesland
2017-01-19;'Psycholance in regio Den Haag'
2017-01-19;'Psycholance ook voor onze regio'
2017-01-19;'Het eerste advies? Maak contact en zet je vooroordelen opzij'
2017-01-18;'Gerda is de kers op de taart van het dorp'
2017-01-17;'Dwangopname is toch vrijheidsberoving'
2017-01-16;'Lage inkomens mijden psychiater'
2017-01-16;Zorg bereikt veel psychiatrische patiënten niet
2017-01-14;'Thuis is stuk intiemer'
2017-01-14;Verward of niet, dat is de vraag
2017-01-14;Kamer: Geld moet vertrouwen herstellen
2017-01-12;Man van ondertussen
2017-01-10;Mysterie bij dood steward
2017-01-10;Speciaal vervoer voor ggz-patiënt
2017-01-10;Politie schiet verwarde man neer
2017-01-09;Politie doodt verwarde man
2017-01-09;Politie schiet verwarde man Westervoort neer
2017-01-09;Verwarde Haagse man verplicht opgenomen
2017-01-09;Politie Duisburg schiet gewapende man dood
2017-01-07;Verwarde Hagenaar blijft nog vastzitten
2017-01-07;Met dank aan de verwarring Damiaan Denys
2017-01-07;Aanbellen en gáán
2017-01-07;De buurvrouw
2017-01-07;[ Nabestaanden van de in 2015 overleden Mitch Henri...]*
2017-01-06;Verwarde man bij Kamer neergeschoten
2017-01-06;Verwarde man gooit tas
2017-01-06;Verwarde man ontregelt Binnenhof met 'bomtas'
2017-01-06;'Meneer, hier is uw ruimteschip'
2017-01-06;Slechte prestaties geestelijke gezondheidszorg niet te wijten aan geldgebrek van instellingen
2017-01-06;Schrik op Binnenhof
2017-01-06;[ De verwarde man die donderdag aan het einde van d...]*
2017-01-06;Ophef rond verwarde man op Binnenhof
2017-01-06;Verwarde man gewond bij aanhouding bij Binnenhof
2017-01-05;Grappige maquettes
2017-01-05;Een polariserende serie, je houdt ervan of vindt het verschrikkelijk
2017-01-04;Psycholance Amsterdam een succes
2016-12-31;Sjaak Bral 'Vaarwel 2016'
2016-12-30;Verdachte serieverkrachting houdt zich stil
2016-12-30;Achttien doden door geweld
2016-12-30;Uit de filterbubbel
2016-12-30;Liquidaties en ruzies met fatale gevolgen
2016-12-29;De kerk loopt risico
2016-12-24;Twintig jaar Kerst in een kerk die kraakte in al haar voegen
2016-12-23;Moord ontketende reeks schietpartijen
2016-12-22;Overleden na burgerhulp
2016-12-21;Macedoniër Asielzoeker overlijdt na arrestatie
2016-12-17;Verwarde man
2016-12-17;Geen commissies, maar een land vol ambassadeurtjes
2016-12-15;'Handhaving verjaagt Wallen-klant'
2016-12-14;Man opgepakt met nepwapen
2016-12-10;Man opgepakt wegens voorbereiden aanslag
2016-12-03;' De overheid wil de werkelijkheid niet kennen'
2016-11-19;Dreiger voorlopig niet uitgezet
2016-11-18;Kort niews
2016-11-18;Man opgepakt om dreiging vliegveld
2016-11-08;Meestervan het woord
2016-11-05;Berichten uit zijn geheime werkkamer
2016-11-03;VVD wil psychiatrisch patiënt in huurhuis
2016-11-01;Corporaties vrezen verwarde huurders
2016-10-31;Wat bejaarden kosten en opleveren
2016-10-30;'Geld voor opvang verwarde mensen'
2016-10-18;Politie lost schoten bij aanhouding Haaren
2016-10-14;Van der K.'s huis was een brandhaard
2016-10-13;Aanjaagteam verwarden
2016-10-12;Moeder steekt dochter neer
2016-10-12;Taxichauffeur verliest kort geding steekpartij
2016-10-10;Politie schiet bij aanhouding
2016-10-10;Politie schiet bij aanhouding man
2016-10-06;Toeristen gestoken in moskee Marokko
2016-10-04;'Biko verbrandde zijn kleding na de moord op Anita'
2016-10-04;Het onderzoek
2016-10-03;Verwarde beter ondersteund
2016-10-01;Hoes ondersteunt verwarde mensen
2016-10-01;Pleidooi om licht op te steken bij verward persoon
2016-10-01;Zorg voor 'verwarde' personen op de rails gezet
2016-09-30;'Verwarden worden niet beter in een cel'
2016-09-30;Opvang verwarden moet beter
2016-09-29;Jas krantenbezorgster bevat dna verdachte
2016-09-29;Dna-sporen op kleding krantenbezorgster
2016-09-27;Is Geert Wilders een moslim?
2016-09-23;Het zelfbedrog van Ieder1
2016-09-23;Meldpunt verwarde personen lijkt nuttig
2016-09-21;Dit zijn de meest opvallende plannen 
2016-09-21;Volksgezondheid, Welzijn en Sport
2016-09-20;Meldpunt voor verwarde mensen
2016-09-19;Nol
2016-09-15;Meer verwarden in Zoetermeer
2016-09-13;Eigen regie eerst
2016-09-13;Wat maakt verwardenopvang zo lastig?
2016-09-12;Politie stopt opvang van verwarden
2016-09-12;Geen vervoer van verwarde mensen meer
2016-09-12;Politie wil af van verwarde personen
2016-09-12;GGZPolitie wil stoppen met opvang van verwarde mensen
2016-09-12;Aanjagen, die verwarde mensen
2016-09-12;Politie stopt opvang verwarden
2016-09-12;Politie stopt met vervoer van verwarde mensen
2016-09-10;TV-tips
2016-09-06;'De keuze tussen zorg of eten'
2016-09-05;Rol burgemeesters wijzigt
2016-09-02;8
2016-08-31;Messensteker vanuit het niets
2016-08-24;'Patiënt X' laat ziekenhuis drie dagen lang zweten
2016-08-23;Ontvoerd
2016-08-22;Achterlijke koe?
2016-08-22;Verwarde man overlijdt tijdens arrestatie
2016-08-22;Man overlijdt tijdens arrestatie
2016-08-20;Messentrekker in Straatsburg was ook na-aper IS
2016-08-20;Strafrecht geen oplossing
2016-08-20;Verwarde man steekt Jood neer in Straatsburg
2016-08-19;Tbs'er was niet lijp genoeg
2016-08-19;Falen met psychoten
2016-08-19;Nog te veel mis
2016-08-19;Dna-profiel belangrijk
2016-08-19;Verwarde man bombardeert Aleppo
2016-08-19;Iedereen deed alles goed, toch ging het mis met Udo D.
2016-08-18;Zwijgen is goud, ook voor psychiaters
2016-08-17;Drama. Verwarde man steekt wild in het rond in Oostenrijkse trein
2016-08-17;Verwarde man steekt passagiers in trein
2016-08-17;",,Drankgebruik onder Polen in Bunschoten buiten proporties"",703 woorden"""
2016-08-16;Te veel dreiging om niets te doen
2016-08-13;Ingrijpen voor het te laat is
2016-08-10;Politie schiet op verwarde man
2016-08-10;Messentrekker neergeschoten
2016-08-06;Ongenuanceerde solidariteit
2016-08-05;'Geen plek verwarden'
2016-08-05;Verwarde vrouw
2016-08-04;Voor wie geduld heeft en plezier in los zand
2016-08-03;Ziekenhuis waarschuwt voor 'zombiedrug'
2016-08-02;Man, man... weer een verwarde mán
2016-08-02;Opmerking over bom zet autoriteiten op scherp
2016-08-02;Politie haalt verwarde man uit bus
2016-08-02;'Controles voeden onrust'
2016-08-02;Drukte en nervositeit rond Schiphol
2016-08-01;Rond Schiphol blijven zenuwen gespannen
2016-08-01; Dat heeft IS dan toch weten te bereiken 
2016-08-01;Politie haalt man uit bus
2016-08-01;Massapsycholoog: Verplaats je in de geest van een terrorist
2016-07-28;Geschrokken kerken houden de deuren toch open tijdens de dienst
2016-07-27;2
2016-07-26;Gestoken bij raststätte
2016-07-26;En ze waren zo blij in Ansbach te wonen
2016-07-26;Terreur verstoort rust in Ansbach
2016-07-25;Jonge vrouw gered van aanrander
2016-07-23;Agent breekt hand bij arrest
2016-07-20;Veiligheidssituatie maakt Rio behoorlijk nerveus
2016-07-15;'Agressie waarschijnlijk niet door Flakka'
2016-07-15;",,IS raakt vijand op zijn zwakke plekken"",655 woorden"""
2016-07-13;De burgemeester mag de aso aanpakken
2016-07-08;Schippers wil time-out van drie dagen voor verwarde personen
2016-07-08;[ Presentator Rik van de Westelaken stapt over van ...]*
2016-07-08;Time-out voor verwarde personen
2016-07-08;Verwarde personen drie dagen vast voor observatie+B559
2016-07-05;24/7 meldpunt verwarde personen voor Rotterdam
2016-07-05;Meldpunt voor verward persoon
2016-06-24;drenthe man laat eigen huis ontploffen
2016-06-24;Explosie door verwarde man
2016-06-24;Duitse politie schiet gijzelnemer dood
2016-06-24;Duitse politie doodt gijzelnemer
2016-06-24;Man zaait grote paniek in bios
2016-06-24;Politie doodt schutter in bioscoop
2016-06-24;Gijzelnemer gedood in Duitsland
2016-06-24;Verwarde man komt om bij explosie in huis
2016-06-21;Als moeder waarschuwt, luister er dan ook naar
2016-06-21;'De ernstigste stoornissen zijn nergens welkom'
2016-06-21;'De meeste patiënten zijn nooit anderen tot last'
2016-06-21;Familie kan bij psychose eerder alarm slaan
2016-06-21;",,Peilen of verwarde een gevaar vormt, blijft mensenwerk"",626 woorden"""
2016-06-20;Betere begeleiding verwarde personen
2016-06-20;Wat zegt het gezicht van een terrorist?
2016-06-20;Het gezicht van een terrorist
2016-06-19;Doorbraak in zaak-Van Dijk is 'bevrijding'
2016-06-15;Voetbalavond
2016-06-14;'Waarom luistert er niemand naar me?'
2016-06-14;Luchtkussen
2016-06-13;Verwarde man draait door
2016-06-13;Verwarde man draait door in ziekenhuis
2016-06-08;Oom agent is overal, maar helaas te weinig in de wijk
2016-06-08;Wijkagent overbelast
2016-06-08;Was de zelfverbranding in Bennekom te voorkomen?
2016-06-08;Verwarde vrouw kon bij geen instantie terecht
2016-06-07;Vrouw dood na zelfverbranding
2016-06-07;Joodse cafés het doelwit
2016-06-07;Verwarde vrouw tevergeefs te hulp geschoten
2016-06-06;Vrouw steekt zichzelf in brand en overlijdt
2016-06-04;[ Het fregat Zr. Ms. Van Amstel verhuist van de Ege...]*
2016-06-04;Station ontruimd om verwarde man
2016-06-02;Handwerk aan de winkel
2016-05-30;Instelling
2016-05-30;[Gorilla sleurt kleuter door verblijf Een gorilla i...]*
2016-05-30;Kind gered, gorilla overleeft het niet
2016-05-27;'Dit spannende, soms psychedelische uitgaansleven was precies wat ik wilde'
2016-05-26;Vervoerders: Pak geweld in ov landelijk aan
2016-05-25;Opname voor verwarde man
2016-05-25;Stop de stalker
2016-05-21;Verwarde taxi-steker mocht van GGZ vrijuit
2016-05-20; Steeds woestere  oe-klank           
2016-05-20; Gevolgen voor toerisme 
2016-05-20;Messentrekkerwas door politie in de taxi gezet
2016-05-20;De Egyptische luchtvaart beleeft een waar rampjaar
2016-05-20;Egypte vreest effect op  toerisme
2016-05-19;Onzichtbare handicap maakt werkgever bang
2016-05-19;Man gedood in Hell's Kitchen
2016-05-19;De taal is steeds de vonk in het kruitvat
2016-05-18;Man dreigt met `heliumballon'
2016-05-13; Hij voelt zich thuis tussen  tbs'ers
2016-05-13;Orgies
2016-05-13;De urgentie van verborgen leed
2016-05-13; Thuis tussen de tbs'ers 
2016-05-12;Merkteken gestoorde
2016-05-12;'Tijdbom' nu beter in vizier
2016-05-09;Fietsende man van A7 gehaald
2016-05-07;Hoog Sammy
2016-05-07;Genieten van Britse weelde
2016-05-07;1234
2016-05-07;'Inkomensregel sociale huur vergroot segregatie'
2016-05-03;Gevolgen brand zijn nog goed zichtbaar
2016-05-02;Amsterdam Mogelijke brandstichter springt van steiger, sterft 
2016-05-02;Brandstichter overleden na sprong van een steiger
2016-05-02;Drama Wijdesteeg was onafwendbaar
2016-05-02;'Op één been balanceerde hij op het randje'
2016-05-02;Fatale sprong
2016-05-02;Amsterdam  Man overlijdt na sprong van steiger  bij grote brand
2016-05-02;Brandstichter A'dam komt om na sprong
2016-05-01;Verwarde man gijzelt binnenstad
2016-04-18;Toeschouwer gaat scheids bij de E'tjes met mes te lijf
2016-04-14;Te psychotisch voor cel
2016-04-13;Agenten die meedoen aan testen zijn fit en schieten bijna altijd raak
2016-04-11;Man leefde met dode vrouw in huis
2016-04-11;Held redt verwarde man uit gracht
2016-04-09;Verwarde reclameman
2016-04-09;Oog in oog met schutter Tristan van der V.
2016-04-02;Kabinet: eerder behandeling voor verwarde personen
2016-04-02;Eerder hulp verwarde personen
2016-04-02;Eerder zorg voor verwarde personen
2016-03-31;In geval van nood
2016-03-30;Vliegtuigkaping niet om het kalifaat maar uit privébesognes
2016-03-30;Kaping Egyptisch vliegtuig blijkt wanhoopsdaad verwarde man
2016-03-30;Vliegtuigkaping niet om het kalifaat maar uit liefdeschagrijn
2016-03-30;Familie Van U: Loïs stond altijd voor een ander klaar
2016-03-24;Opportunistisch als de neten
2016-03-24;Kabinet, investeer meer in de politie
2016-03-24;'Deradicalisering stokt door bezuiniging politie'
2016-03-23;'Bang? Ja, het is alsof EU vol terroristen zit'
2016-03-23;Alles nu verdacht
2016-03-23;Paniek, nou ja, even dan
2016-03-11;`Zet op Blaak glaswand neer tegen zelfmoord'
2016-03-10;Theater Utrecht wordt open huis 
2016-03-10;Verwarde personen waren vroeger patiënt
2016-03-04;Verwarde man gaat vader met een mes te lijf
2016-02-29;Verwarde personen tussen wal en schip
2016-02-29;Bijval voor nieuwe korpschef van de Nationale Politie
2016-02-26;Verwarde man strandt na 230 km
2016-02-26;Verwarring in de zorg
2016-02-24;Aanjagen op kantoor. Dat is écht mijn ding
2016-02-24;Japke-d.  Aanjagen op kantoor. Dat is dus écht mijn ding
2016-02-22;Wat bezielde de man die oma Toni neerstak?
2016-02-20;Aanpak verwarde mensen moet meer zijn dan 'bel 112'
2016-02-20;Hardere aanpak ov-hufter is optie
2016-02-15;Pleinvrees
2016-02-15;Aldus
2016-02-12;Verwarde man Celstraf voor explosie
2016-02-10;Incidenten verwardheid
2016-02-10;Meer incidenten met verwarde personen
2016-02-10;Meer incidenten met verwarden
2016-02-10;Weer meer incidenten met verwarde mensen
2016-02-09;Van de straat, niet naar de cel
2016-02-09;Minder werk aan meer verwarden
2016-02-08;Boete voor een politicus
2016-02-05;'God beval de dood van Els Borst'
2016-02-05;Zussen gaven mogelijk zetje voor bekentenis Bart van U.
2016-02-05;Bart van U. wees hulp af én vroeg erom
2016-02-05;",,Pas op voor stigma schizofreniepatiënt"",415 woorden"""
2016-02-05;Bart van U.: Els Borst moest dood vanwege euthanasiewet
2016-02-04;De reddingsboei
2016-01-30;Agressie, geweld en diefstal
2016-01-29;Van Rijn kijkt ook naar drugspreventie
2016-01-25;Verwarde man veroorzaakt veel opschudding
2016-01-23;'Incidenten asielzoekers apart melden stigmatiseert'
2016-01-23;'Meld incident met asielzoeker  niet apart'
2016-01-22;Een dakloze op je oprijlaan
2016-01-19;Bij spoed is psycholance niet inzetbaar
2016-01-08;Bedreiger moet in behandeling
2016-01-06;[ Museum Kamp Westerbork in het Drentse Hooghalen h...]*
2016-01-05;KLM-passagier verwondt piloot
2016-01-05;Veel vaker beroep op ambulance in regio
2016-01-05;Inzet extra ambulances hard nodig
2015-12-31;Angstig en verdeeld
2015-12-31;Overleden
2015-12-30;Even geen mobiel in Valencia
2015-12-29;Raadsels rond de dreun van Drachten
2015-12-29;In Drachten klonk de grootste knal ooit
2015-12-29;Vragen over explosie in Drachten
2015-12-23;'Ze wisten al hoe gevaarlijk Jan was, maar deden niets'
2015-12-23;De misère rond verwarde personen was van ver te zien aankomen
2015-12-22;'Een verwarde man haal je liever  op tijd  van straat'
2015-12-22;Politie vindt niemand bij inval in flat Echt
2015-12-22;'Verwarde man haal je liever op tijd van straat'
2015-12-21;De rattenman slikt zijn pillen weer
2015-12-21;           Psychische problemen  Meer meldingen van overlast door verwarde mensen
2015-12-21;Echtenaar dreigt huis op te blazen
2015-12-21;           Psychische problemen  Aantal meldingen van overlast door verwarde mensen stijgt sterk 
2015-12-19;Lul van het Jaar
2015-12-19;[ De trolleybus van lijn 7 gaat naar de Geitenkamp....]*
2015-12-19;Plots regelt de buurvrouw het verkeer
2015-12-17;Dementerende man brengt zijn echtgenote om
2015-12-17; alcoholprobleem en hersenstoornissen 
2015-12-16;[ Het onderzoek is gedaan onder 174 corporaties, 52...]*
2015-12-16;Corporaties Meer overlast door verwarde huurders
2015-12-16;Onderduiken vanwege je werk
2015-12-16;Verwarde mensen: ze duiken steeds vaker op
2015-12-16;Verwarde huurders geven meer overlast
2015-12-15;Meer overlast door verwarde huurders
2015-12-08;Nepagenten stelen pinpas van vrouw (86)
2015-12-04;Baby van moordend stel bleef thuis achter
2015-12-04;Ze lieten hun baby achter om te doden
2015-12-04;Man vernielt met koevoet auto's van De Graafschap
2015-12-04;heimwee naar hoe het nooit was
2015-12-04;Na klappen en schoppen nu ookbijten in de trein
2015-12-04;[ politie pakt verwarde man op in stad Groningen  E...]*
2015-12-03;Man springt in ijsbeerverblijf
2015-12-03;Zorgen over verwarde personen in treincoupés
2015-11-28;'Zelfs mijn slager herkent me van Penoza'
2015-11-26;Ik benoem alles, ik wil niet beleefd zijn
2015-11-25;'Ieder obsceen detail wil ik  ook  benoemen' 
2015-11-25;Ze moeten boete doen, maar ze trainen hun hond
2015-11-24;Meer aandacht voor verwarde justitieklant
2015-11-20;[ Hoorn stadswandeling Â­religieuze beelden  De wan...]*
2015-11-19;Ede niet akkoord met 600 asielzoekers in Otterlo   Colleges voor geschoolde vluchtelingen uit Syrië  Nederlanders gewond door busongeluk Mexico  Ook risico koolmonoxide bij nieuwe cv-ketels  Afschot damherten  in Noord-Holland    Verzekeraars: zeker  vijf miljoen schade  Politie Maastricht pakt verwarde man op  VVN leert vluchtelingen basisregels in verkeer  Verdwaalde kogel Parijs doodde omwonende  Meer Duitse militairen naar Afghanistan  Arrestanten Aken  krijgen excuses  Brussel krijgt  meer agenten  Moskeeën in Frankrijk verwerpen terrorisme  'Geen dreiging voor Duitse kerstmarkten'  'Afgelasten interland  was volledig terecht'  'Gebruik betaalgegevens door bank niet gewenst'  VGZ houdt zorgpremie komend jaar gelijk  Geen eilanden verkocht bij Media Markt  Nederlandse bouw  klimt verder uit dal  Accountant DSB krijgt  er opnieuw van langs  Grote bedrijven  gaan sneller betalen  Jeugdwerkloosheid  licht gestegen
2015-11-18;Jonge spelers vertillen zich aan duistere klassieker
2015-11-14;Een echte bodyguard
2015-11-12;Ik weet niet of je het weet
2015-10-29;[  ongewoon   'man reed in op konvooi premier Belgi...]*
2015-10-21;Een blik in de toekomst
2015-10-16;'Christus in deze wereld? Kijk naar Taizé' Enkele teksten van broeder Roger 
2015-10-10;Waarom een podium voor zoveel dedain?
2015-10-09;De dans die iets weg heeft  van Twin Peaks
2015-10-08;Oogstrelende 'The Lost Room' 
2015-10-06;Weten wat je eet - en wie er op je stemt
2015-10-03;Medeleven en veel onbehagen
2015-09-30;Vandaag krijgen we geen antwoord
2015-09-30;Verwarden geven politie Rotterdam veel werk
2015-09-30;Handenvol werk  aan verwarden
2015-09-28;Kok en Balkenende bewaakt
2015-09-28;Personages van bordkarton in Eline Vere
2015-09-26;'Wim, Wim! Ik heb je verdedigd als een leeuw!'
2015-09-26;Kok en Balkenende maanden bewaakt na moord Els Borst
2015-09-26;Dwepende dweilen en elegante odes
2015-09-26;Premiers beveiligd om Borst
2015-09-24;Gestoord een gewone cel in? Da's erg
2015-09-24;Gestoord een gewone cel in? Dat is erg
2015-09-23;Door het plafond gezakt
2015-09-23;Burgemeester boos na aanval asielzoeker
2015-09-22;Terreurverdachte mag al naar huis
2015-09-19;'Terrorist' blijkt vaak vooral verwarde geest
2015-09-16;GGZ Agenten halen verwarde man  na veertien uur uit hoogspanningsmast 
2015-09-16;Man zit 14 uur in een hoge mast
2015-09-16;Politie haalt verwarde man uit mast
2015-09-12;Roos Schlikker
2015-09-10;Nationale Politie is  doodzieke patiënt
2015-09-09;DNA van verdachte op lichaam Borst
2015-09-09;Bart van U. zwijgt of raaskalt
2015-09-09;Moordenaar Borst wil zonnebril terug
2015-09-09;Bewijs stapelt zich op tegen verdachte moord Borst
2015-09-09;Van U. wil niets kwijt over Borst
2015-09-09;Veel aanwijzingen, maar Van U. zwijgt over moord Borst
2015-09-07;Politie plukt man in scootmobiel van A28
2015-09-07;Waarom moest Els Borst dood?
2015-09-07;Man ontsnapt uit politieauto
2015-09-07;Arrestanten verwonden politieagenten
2015-09-07;Arrestant ontvlucht politie en rent A15 op
2015-09-05;'Reputatie roeper 'Fuck de koning' gezuiverd'
2015-09-04;Meer aandacht voor verwarde personen
2015-09-04;Definitief plan voor verwarde personen
2015-09-04;OM eist tbs voor zelfmaak-bom
2015-09-04;Plan voor verwarden zomer 2016 klaar
2015-09-03;Politiereconstructie van schietpartij
2015-08-31;Angst
2015-08-28;De geplaagde gastheervan het spoor
2015-08-28;Ernstiger geweld tegen NS-personeel
2015-08-28;[ongewoon Nijntje is serieuze kunst in het Rijksmus...]*
2015-08-27;[Moordcijfers CBS Amsterdam. In Nederland zijn vori...]*
2015-08-27;Politie pakt verwarde man op in Amersfoort
2015-08-25;'Dikke tien voor afgebrande scholen'
2015-08-20;Verwarde professor wordt onthaald als de verlosser
2015-08-13;[schietincident Amsterdam. De politie heeft in het ...]*
2015-08-11;Meer verwarde Nederlanders in het buitenland
2015-08-11;Politiehond mogelijk weer aan het werk
2015-08-11;Verwarde man probeert jongen te verdrinken
2015-08-06;Verwarde vrouw uren in hoogspanningsmast
2015-08-03;Sociale onrust? Het draaiboek ligt klaar 
2015-08-01;'Verwarde mensen bij GGZ gedumpt'
2015-07-31; Bomaanslag Wormer: verkeerde boot 
2015-07-29;De agent speelt te graag de slachtofferrol
2015-07-29;Celstraf voor dreigen met explosie in Utrecht
2015-07-28;  Vooral de agent heeft kort lontje
2015-07-27;'Politie hield fatale nekklem jaren stil'
2015-07-25;Huisjes horen nu bij het straatbeeld
2015-07-24;Hengelen naar rust
2015-07-20;[Ggz Amsterdam. Verwarde mensen die een bedreiging ...]*
2015-07-20;Meer incidenten met 'verwarde personen'
2015-07-20;Verwarde mensen minder vaak in cel
2015-07-20; Verwarde mensen minder vaak in cel 
2015-07-11;kort nieuws buitenland
2015-07-10;Avond en halve nacht leuren met een dwalende oude dame
2015-07-06;PvdA zoekt  helaas voor Samsom en Asscher  leider met grote internationale ervaring
2015-07-02; Kamer 'brainstormt' na blunders in zaak-Borst
2015-07-02;Twijfel in Kamer over eerder DNA afnemen 
2015-07-02; Regie aanpak verwarden nog niet helder 
2015-07-02;Drang en dwang
2015-07-01;[Voorstel SP Den Haag. Voor een betere aanpak van v...]*
2015-07-01;In elke gemeente zorg voor verwarde personen
2015-07-01;Hardrijder kan flitsfoto op internet zien In elke gemeente zorg voor verwarde personen 'Nederlandse F-16's treffen in Irak altijd doel' Noordoost-Friesland nu ook krimpgebied Stichtse Vecht weigert opvang asielzoekers Vermiste Nederlander dood teruggevonden Slachtoffer mishandeling TT Assen overleden Burgemeester mag vandaal hard aanpakken OM: onderzoek MH17 vordert goed Rijksambtenaren voeren geen actie tijdens Tour 'Seksrabbijn' mag worden uitgeleverd aan Israël Defensie koopt versneld twaalf Bushmasters Bellen in buitenland vanaf 2017 goedkoper OM: dader onthoofding verdacht van terrorisme Zweden: Russische piloten steeds agressiever Atoomoverleg met Iran verlengd tot 7 juli Quarantaine Liberiaanse regio om ebola Al-Sisi wil extremisten sneller straffen Aanslag op NAVO-konvooi in Afghaanse stad Kabul Uiterste poging om conflict V&amp
2015-07-01;Lokaal vangnet voor verwarden in de maak
2015-06-30; OM niet overvragen na rapport-Hoekstra 
2015-06-29;Kamer: Geen ruime DNA-wet
2015-06-26;'Familie nog altijd bang voor Bart van U.'
2015-06-26;Van U.'s schreeuw  werd niet gehoord
2015-06-26;Fouten zaak-Borst schering en inslag
2015-06-26;Het dna-belang
2015-06-26;Falen van OM staat niet op zichzelf
2015-06-26;Niemand hield Bart tegen
2015-06-26;Eigenlijk ging alles mis in zaak-Bart van U.
2015-06-25;Verwarde mannen  en hun gevoelens 
2015-06-25;'Neem gevaar geesteszieke serieuzer'
2015-06-25;Metro's Mode Mannenpanel
2015-06-22;Verwarde man trekt aan stuur
2015-06-22;Dodenrit dompelt Graz in diepe rouw
2015-06-22;'Rapport nog voor reces bespreken'
2015-06-22;Politiemissers bij dood Borst
2015-06-22;Ongegeneerd nieuwsgierig
2015-06-22;Verwarde man veroorzaakt ongeval op A7
2015-06-22;Verwarde man rijdt in op publiek in Graz
2015-06-19;ZoalsTarik Z. zijn er velen
2015-06-16;Dakloze op  dievenpad
2015-06-16;Man wil met lamp schieten bij overval
2015-06-11;Dode in huis Zuid was bewoonster
2015-06-10;Man 'in  de war', vrouw gedood
2015-06-02;Verwarde man blaast huist op
2015-06-02;Zwijndrechter zorgt voor explosie in huis
2015-05-30;Warme herinneringen aan kinderoncologie
2015-05-22;Vreemd gedrag? Inzoomen
2015-05-22;Politie draait te vaak op voor opvang psychische patiënten
2015-05-21;Patiënten in woonwijk
2015-05-21;Geen zorg voor onverzekerde verwarde mensen 
2015-05-18;Verwarde mensen  speelbal voor zorg
2015-05-16;Wie praat er over tandenpoetsen?
2015-05-13;In de war
2015-05-12;Tarik Z. is geen verwarde man, zegt zijn advocaat  
2015-05-12;Ben je verward als je de NOS  binnendringt met een neppistool?
2015-05-11;Politie stuit bij toeval op hennepkwekerij
2015-05-08;Justitie lijkt het contact met de samenleving kwijt
2015-05-06;Politie zoekt verstoorders van dodenherdenkingen
2015-05-05;Zwakken in de steek gelaten
2015-05-04;'Ik riep meteen: Wegwezen!'
2015-05-04;5 schoten
2015-05-02;Koningsdag
2015-04-28;Verwarde man aangehouden
2015-04-28;Geen koekhappen, maar wel wuiven als vanouds
2015-04-25;Noodkreet Van U. bij politie, net vóór moord op Borst
2015-04-24;Rechtszaak. Bart van U. bekent: `Ik stak mijn  zus Loïs veertig keer'
2015-04-20;'Time-outhuis' voor kwetsbare personen
2015-04-18;Gezichtsverlies
2015-04-16;Meer verwarde mensen
2015-04-13;'Oma Toni zal gemist worden'
2015-04-13;Een kloeke vrouw, verknocht aan De Pijp
2015-04-13;Oma Toni, zelfbewust en sterk tot op de laatste dag
2015-04-11;'Wie niet bang is, is dwaas'
2015-04-11;Hoe afvinklijstjes de praktijk van de huisarts beheersen
2015-04-10;Kortjes
2015-04-10;Dreigende flatbewoner Utrecht uit woning
2015-04-09;Wie niet meeknokt, is medeplichtig
2015-04-08;Verwarde man zet eigen huis onder water
2015-04-05;Patiënten steeds  groter probleem
2015-04-04;Politieman bestraft voor dodelijk ongeval colonne
2015-04-04;Scooter Politieman bestraft voor dodelijk ongeval 
2015-04-04;Straf voor agent om dodelijk ongeval
2015-04-03;Wijk-GGD'er gaat agenten helpen
2015-04-03;Proef met hulp aan verwarde persoon
2015-04-03;GGD gaat de wijk in om afglijden te voorkomen
2015-04-02;Belager oma Toni komt bij zinnen
2015-04-02;Wijk-GGD'er helpt verwarde mensen
2015-04-02;Meer overlast verwarde mensen
2015-04-01;Dode door brand, man opgepakt
2015-03-31;Oma Toni  herstelt  langzaam
2015-03-31;Verdachte van doden Els Borst moet binnenkort voorkomen
2015-03-30;Tot de assen in het zand
2015-03-28;'Ze is zo strijdbaar, ze wil niet  dood'
2015-03-23;'Wat hier overblijft, is grauwe middelmaat'
2015-03-22;Amokmaker was gewapend
2015-03-21;'Oma is een echte bikkel'
2015-03-21;Man stak oma Toni neer 'als wraak'
2015-03-18;Vrouw gooit kokende melk naar agenten
2015-03-17;Woningen ontruimd na benzine
2015-03-17;Broeder krijgt klap
2015-03-13;Jelle F. (42)
2015-03-13;Zelfgemaakte bom in Rijswijk gevonden
2015-03-11;IJzeren loyaliteit achilleshiel van Rutte
2015-03-11;Ivo's erfenis
2015-03-09;De Lubachmethode: overdrijf en schiet!
2015-03-09;Verwarde man sticht brand in studentenflat
2015-03-07;Fijn, kijken naar ontspoorden
2015-03-05;Impasse
2015-03-05;Angst voor 'rare snuiters'
2015-03-04;[Acht weken lang vind je op woensdag een nieuwsquiz...]*
2015-03-03;De terugkeer van de verwarde man
2015-03-03;Anita Witzier had nog nooit een gek ontmoet
2015-03-03;Marine reikt erekoorden uit aan mensenredders 
2015-02-28;Nieuwe tijden
2015-02-28;mini-opinie
2015-02-25;De telegraaf Verwarde man met mes loopt  redactie De Telegraaf  binnen
2015-02-25;Verdachte moord Els Borst was ontsnapt uit Vlaamse inrichting
2015-02-25;Verwarde man bij De Telegraaf
2015-02-25;Indringer met 'warrig verhaal' op redactievloer van De Telegraaf
2015-02-25;Tsjechische stad is decor van bloedbad
2015-02-25;Beveiliging Telegraaf opgevoerd na incident  
2015-02-25;Politie pakt verwarde man bij De Telegraaf
2015-02-21;Jammer voor Clint: Boyhood gaat nipt winnen
2015-02-21;Vandaal blijkt verwarde man
2015-02-19;Man dreigt met brand
2015-02-19;Bart van U. zwijgt in zaak-Borst
2015-02-18;Proef tegen overlast verwarde personen
2015-02-17;Gek
2015-02-16;Man smijt met fietsen
2015-02-14;Goed dat er nog waaghalzen zijn
2015-02-14;Patiënten aan lot overgelaten
2015-02-13;Geliefde kroegkat wreed gedood
2015-02-13;Verdacht  pakketje bij politie
2015-02-13;Aanhouding. Huiskat Sheriff van Utrechts café doodgetrapt door man
2015-02-11;Let ook op lijf psychiatrisch patiënt
2015-02-10;Sabine Sabine Sabine ***
2015-02-10;Louter ***
2015-02-10;Verwarde mensen 
2015-02-10;Geen plek verwarde mensen in maatschappelijke opvang 
2015-02-09;`Meer geweld door bezuinigingen'
2015-02-07;Agressie van 'gekken'  loopt de spuigaten uit
2015-02-07;De weg kwijt
2015-02-07;Speciale opvang voor verwarde mensen slaat aan
2015-02-06;Moed
2015-02-05;Dwaas jaagt ambulanceteam stuipen op het lijf
2015-02-05;'Zwemmer nodeloos in IJ verdronken'
2015-02-05;Verwarde personen leveren politie steeds meer werk op
2015-02-04;Let opa Ivo wel goed op onze veiligheid?
2015-02-04;Let Ivo wel goed op onze veiligheid?
2015-02-04;Is de veiligheid in goede handen?
2015-02-02;[Heerlijk duurt het langst Humor van Annie M.G. Sch...]*
2015-02-02;Tarik was een verwarde man en dat is vooral heel verwarrend
2015-02-02;Gasexplosie in portiekflat richt enorme ravage aan
2015-02-02;Verwarde mensen
2015-01-31;Bestaan
2015-01-31;Verwarde Bussumer met baard opgepakt
2015-01-31;Veiligheid nooit 100 procent
2015-01-31;Fastfoodfeiten
2015-01-31;Buis
2015-01-31;Kalm blijven, de-escaleren
2015-01-31; Maak van psychiatrie geen politiestaat 
2015-01-31;Treinverkeer stil om verwarde man
2015-01-31;Poëzie in tijden van angst
2015-01-31;Terughoudend blijven, ook al hoeft het niet
2015-01-30;Verwarde man (19) kaapt NOS Journaal
2015-01-30;Bizar dat dit kan bij NOS
2015-01-30;In studio 10 wacht Tarik Z. op het rode lampje
2015-01-30;Wie stopt eenling op drift?
2015-01-29;Bart van U. glipte erdoor, zoals zovelen
2015-01-29;Toezicht
2015-01-28;Van U. was 'een gevaar', maar bleef uit de cel
2015-01-28;Wijkagent moest Bart van U. in de gaten houden
2015-01-28;Verwarde mannen nemen afstand van geweld
2015-01-27;Verwarde man sneed eigen keel door
2015-01-27;Bart van U. al sinds 9/11 paranoïde
2015-01-27;Verwarde man sneed zijn eigen keel door
2015-01-27;Dna-match brengt politie bij verdachte moord Borst
2015-01-27;Fout op fout in zaak- Els Borst
2015-01-27;Buurtbewoners Els Borst zijn opgelucht
2015-01-27;DNA linkt verdachte aan dood Els Borst
2015-01-26;Verwarde man dood na schot politie
2015-01-21;De gijzelaars: journalist met ervaring en verwarde 'beveiliger'
2015-01-21;Japan gaat tot uiterste voor gegijzelden
2015-01-20;Hallo. U spreekt met de Rabobank.
2015-01-20;Verwarde man na ontsnapping gepakt
2015-01-20;OMG!!!!! Ik ben opgelicht
2015-01-20;Verwarde man na uitbraak opgepakt
2015-01-20;Een ambassadeur zonder papieren
2015-01-17;Woningen in Utrecht uit voorzorg ontruimd
2015-01-16;Agent is bijna dag per week kwijt aan verwarde personen
2015-01-16;Agent dag per week kwijt aan verwarden
2015-01-14;Het nieuwe surrealisme
2015-01-13;Moordverdachte al jaren bang voor terreuraanslag
2015-01-08;'Nog verder buigen onder het mom van begrip en tolerantie?'
2015-01-06;Verwarde man draait graskraan open
2015-01-03;2015, het jaar van de antichrist
2014-12-30;Weer dreigbrief voor burgemeester Naterop 
2014-12-24;Fransen houden adem in na aanslagen
2014-12-24;Politie schiet weer jonge zwarte man dood - vlakbij Ferguson
2014-12-24;Kaarten
2014-12-24;Beveiliging opgevoerd in Frankrijk
2014-12-23;'Terrorist' blijkt gestoord
2014-12-23;Recherche: Hoop op oplossing zaak-Borst
2014-12-22;Koken voor kwets-baren
2014-12-16;Verwarde man dreigt woning op te blazen
2014-12-15;Vrouw moet jarenlange ruzie met buren met dood bekopen
2014-12-15;Ruzie mondt uit in fataal geweld
2014-12-12;Alleen nog drijven op nieuwsgierigheid
2014-12-11;Cijfer van de dag
2014-11-23;Nudist zet  camping op stelten
2014-11-22;Bomexperts  onder vuur
2014-11-22;Verwarde mannen 
2014-11-19;Die neger
2014-11-14;Een straat met weinig prikkels
2014-11-08;Wij hebben onze eigen club, gewoon, hier thuis
2014-11-07;Pakistaanse politieagent hakt 'godslasteraar' met bijl in mootjes
2014-11-07;Pakistaanse agent hakt 'godslasteraar' dood met bijl
2014-11-06;'Wees niet bang, ik ben een dokter'
2014-11-04;Hulpverleners zoeken zelf massaal steun
2014-11-03;Man dreigt van brug te springen
2014-11-01;Hier en daar
2014-11-01;Typisch Alex van Warmerdam
2014-10-29;Wildwest bij woning Wilders
2014-10-28;[ongewoon verwarde man spuugt klaslokaal onder Een ...]*
2014-10-27;Baby in ondergrondse container gevonden
2014-10-27;Verwarde man: geen bom, wel walkman
2014-10-27;Verwarde man: geen bom maar walkman
2014-10-23;Vrouw belt 1100 keer naar 112
2014-10-23;Vrouw belt 1100 keer alarmnummer 1-1-2
2014-10-13;Verwarden voor politie dagtaak
2014-10-10;Arrestatie in koekjesfabriek
2014-10-09;`Slordige man' vroeg Borst  naar adressen ex-premiers
2014-10-08;Zaak-Borst: op zoek naar gestoorde 
2014-10-08;Gestoord
2014-10-08;Moordenaar Borst mogelijk psychisch gestoord
2014-10-08;Els Borst mogelijk gedood door psychiatrisch patiënt 
2014-10-04;Youp van 't Hek - Tukkers!
2014-10-04;Tukkers!
2014-10-03;Snelle hulp voor verwarde Hagenaars 
2014-10-01;Snelle zorg voor verwarden
2014-09-26;Betere opvang psychiatrisch patiënt in regio
2014-09-20;Mannen in de war 
2014-09-19;Naaktloper verstoort treinverkeer Sloterdijk
2014-09-17;Verwarde man na nacht op dak omlaag
2014-09-15;Tijgereiland krijgt Gouden Lijst
2014-09-09;Onderzoek naar oordeel van GGZ over verwarde man
2014-09-08;Man beschadigt tien auto's in Sleeuwijk
2014-09-06;Dode gevonden in binnenstad Den Bosch 
2014-08-19;Est zit 17 uur op kasteel, totdat de slaap toeslaat
2014-08-19;Verwarde man valt op dak in slaap
2014-08-19;Koud. Verwarde man brengt meer dan 17 uur door op het dak van huis in Hilvarenbeek
2014-08-19;Man na 17 uur van dak Hilvarenbeek gehaald
2014-08-06;Dood Els Borst blijft mysterie
2014-08-06;Politie beschikt over dna-profiel in zaak-Borst
2014-07-30;Huis Els Borst verkocht
2014-07-29;Oud-politicus. Huis Els Borst staat te koop, nog steeds onduidelijkheid over misdrijf
2014-07-18;Politie Almere schiet verwarde man in been
2014-07-05;'Jaap  is niet  voor de poes'
2014-07-03;Verwarde man schiet Duitser neer in Nijmegen
2014-06-30;Verwarde man neergeschoten
2014-06-20;Man in brand
2014-06-20;'Waarom moeten altijd de burgers de rekening betalen?'
2014-06-19;Sara G: heks of verslavingspionier?
2014-06-19;Gegijzeld om de vragen van een verwarde man te beantwoorden
2014-05-28;Hulp kwam er niet, tot er een dode viel
2014-05-27;Robbie Williams van het podium gebeukt
2014-05-27;Jan maakt zich  niet druk
2014-05-27;Ramen Jan Smit ingegooid
2014-05-24;Het is op, maar ik ga ze wel 
2014-05-22;Op expeditie in de Javastraat
2014-05-22;theater
2014-05-20;Man dreigde huis op te blazen in Oss 
2014-05-13;Wéér ruit ingegooid bij woning Van der Laan
2014-05-13;Ramen ambtswoning Van der Laan vernield
2014-05-12;Verwarde man valt broedende zwaan aan
2014-05-12;Ruit ambtswoning ingegooid
2014-05-09;Politie nog druk met moord Borst 
2014-05-05;De modder kwam als een mes 
2014-05-05;Mensen beneden in het dorp hadden geen kans
2014-05-02;Veel meer overlast verwarde mensen door snijden in zorg
2014-05-02;`Iemand boort 's nachts, omdat hij zijn pil niet slikt'
2014-05-02;Een agent eropaf is geen oplossing
2014-04-28;Bizarre achtervolging van verwarde man
2014-04-28;'Man gijzelt meisje in huis'
2014-04-28;Politie rukt uit na melding gijzeling
2014-04-25;Polderfavela
2014-04-25;[In het Stedelijk Museum in Amsterdam is gisteren e...]*
2014-04-24;Onderzoek in zorginstellingen na dood van Elst Borst 
2014-04-24;Vluchtgarage trekt daklozen en verwarden aan
2014-04-24;Who's afraid of red, yellow en blue III 
2014-04-23;Delftse (23) zomaar  voor trein geduwd
2014-04-22;'Who's afraid '  is terug!
2014-04-14;Met deze wagen wil de patiënt best mee
2014-04-14;Verwarde man belt met kapmes aan bij buren
2014-04-08;Hoe het been een naam kreeg
2014-04-05;Doorgefokt
2014-04-03;Drie emmers urine naast het bed 
2014-03-26;Onderzoek Borst zit nog muurvast
2014-03-26;Man en vrouw in zaak Borst nog niet gevonden
2014-03-21;[Els Borst  Voorkeurstemmen voor overleden politicu...]*
2014-03-20;Sectie op lichaam dode vrouw Wouwse Plantage
2014-03-19;Raadselachtig bosdrama
2014-03-19;Vijf sterren voor Pratt, jammer van de regie 
2014-03-19;Vondst dode vrouw in bos nog een raadsel 
2014-03-19;Vierhonderd tips over laatste uren Els Borst 
2014-03-13;Rond de 25 nieuwe tips in zaak Borst
2014-03-12;Over de haag
2014-03-12;Vermist
2014-03-12;Verwarde man gezocht
2014-03-12;kort
2014-03-08;Anonieme brieven:  Borst BVD-agente
2014-03-07;`Op de eerste sterfdag van mijn vrouw voelde ik overal pijn' 
2014-03-07;Borst wimpelde verwarde man af aan de deur
2014-03-07; Verwarde man belde aan bij woning Borst 
2014-03-05;Naar de jaren tachtig
2014-02-21;Verwarde man vernielt 14 auto's en scooter
2014-02-18;Restauratie Barnett Newman weer in Stedelijk
2014-02-11; Medailles, gemaakt van  klatergoud
2014-02-11;Verwarde man twee keer opgepakt
2014-02-10;Grote zoekactie naar verwarde Alphense
2014-02-04;Uitgesproken
2014-01-31;Geachte redactie
2014-01-30;Politie ontlast met verwarde personen
2014-01-30;Verwarde vrouw  stichtte brand
2014-01-30;Verward bij brand
2014-01-30;Verwarden per 'psycholance' naar noodhulp
2014-01-30;Amsterdam zet psycholance in
2014-01-29;Speciale ambulance voor hulp psychoten
2014-01-14;Even spelen met Merkels vliegtuig
2014-01-13;[Kort nieuws Amsterdam Raadskandidaat van veertien ...]*
2014-01-10;Mogelijk nog iemand dupe van trapper
2014-01-08;Man (37) vast na          explosie in woning
2014-01-04;Patiënt mishandeld bij rookhok ziekenhuis
2013-12-31;Verwarde man belt  opnieuw 112 plat
2013-12-28;Loos alarm
2013-12-28;Harlinger belt 200 keer 1-1-2
2013-12-24;'Formidable' en op weg naar 'wonderful'
2013-12-20;Geveld door
2013-12-20;Verwarde Schiedammer dreigt met gasexplosie
2013-12-20;Gasdreiger
2013-12-17;'Ik heb geen moeilijke vragen gekregen over mijn moederschap'
2013-12-17;Waarom ik van Duitsland hou
2013-12-16;Merkel geeft niemand een tweede kans
2013-12-13;Vrouw giet benzinein gemeentehuis
2013-12-09;Hond zoekt mens 
2013-12-03;[ongewoon politie legt arrestatie uit via smartphon...]*
2013-11-22;Een dak van doek of ijzer
2013-11-18;Schrijfpiet hield 
2013-11-18;Amsterdam gelooft nog
2013-11-18;Stil protest tegen Zwarte Piet 
2013-11-12;[Teheran  Iran sluit akkoord met Atoomagentschap (I...]*
2013-11-12;[ Herdenking WOI  Drie Franse politici neergestoken...]*
2013-11-06;Verwarde man belaagt meisje (12)
2013-11-05;Agenten in kogelwerende vesten speuren ziekenhuis af
2013-11-05;Politie: geen kinderlokker
2013-11-04;Politie Renkum schiet op verwarde man
2013-10-21;Doorgedraaide man mishandelt echtgenote (86)
2013-10-16;Verwarde man gooit met messen op balkon
2013-10-11;Verwarde man sticht brand in eigen huis
2013-10-09;Wanhoopsdaden
2013-10-08;Bloedbad door verwarde man
2013-09-28;`Een minderheidskabinet heeft de steun van de samenleving nog harder nodig'
2013-09-18;Recherche zoekt getuigen arrestatie
2013-09-17;`Slachtoffer is buiten levensgevaar'
2013-09-12;Man opgepakt na  brand in woning
2013-09-11;'AD schendt de privacy'
2013-09-10;Barnevelder dreigt woning op te blazen
2013-09-07;Hoe nieuws zich verspreidt: Samsom en de huilende vrouw
2013-09-06;Het beest in het hart van Henry Ford
2013-09-06;Gevaarlijke eenlingen in  vizier politie
2013-09-06;Nabestaanden vol vragen
2013-09-06;Idiotenfilter legt gevaar bloot
2013-09-03;Naakte man opgepakt na knal in woning
2013-09-02;Woningen ontruimd om explosiegevaar
2013-08-27;Bureau buiten dienst
2013-08-21;Trekken en sleuren na explosie in Vlaardingen
2013-08-21;Vlaardinger blaast huis op
2013-08-20;Wéér brief bijmonument Nicky
2013-08-20;Gijzeling met geweld beëindigd
2013-08-17;Verwarde reiziger overmeesterd
2013-08-13;Weg kwijt
2013-08-10;Memphis had geen schijn van kans
2013-08-06;`Val ons niet lastig'
2013-08-05;Man na 15 uur van dak strafhof geplukt
2013-08-05;Brandstichting in eigen huis
2013-08-03;Zuur realisme
2013-07-22;Wie steelt er nou grafbeelden?
2013-07-16;Vrouw op snelweg net op tijd gered
2013-07-16;KORT NIEUWS BINNENLAND
2013-07-13;Politie haalt man uit woning via dak van flat
2013-07-09;Spookrijder crasht op A4
2013-07-08;Ongevallen eisen zeker drie levens
2013-07-06;Bijlzwaaier
2013-06-22;Mooie baan, treurig werk
2013-06-21;Mastklimmer opgepakt na fatale brand
2013-06-21;Brand in huis wordt drie vrouwen fataal
2013-06-21;Mastklimmer opgepakt na dodelijke brand
2013-06-21;Man aangehouden na dodelijke brand Cuijk
2013-06-17;Verwarde man verstoort show
2013-06-17;kort nieuws kunst en media
2013-06-12;Man wil auto met peuter erin stelen
2013-06-12;Man probeert auto met peuter te stelen
2013-06-12;Man wil auto met peuter stelen
2013-06-11;Eieren tegen muziektsaar Cowell
2013-05-31;Aanslag op  de 'benen'
2013-05-31;Aanslag op kunstwerk
2013-05-29;Agent die man doodde nu officieel verdachte
2013-05-29;Zweedse politieman verdacht van doodslag
2013-05-27;Verwarde man klimt in bouwkraan
2013-05-18;'Wie redt mijn dochter?'
2013-05-17;Flesgooier
2013-05-13;Vrouw (46) gewond bij steekpartij Vlissingen
2013-05-10;Zieken horen niet in een politiecel
2013-05-08;Niet geschikt voor tere zieltjes
2013-05-06;Herdenking en Bevrijdingsdag zonder problemen verlopen
2013-05-03;Verwerp overal  alle gezag! Nu!
2013-04-29;Silvio Berlusconi heeft weer een grote stem in Italië
2013-04-27;De meute ontward
2013-04-23;POLITIE overmeestertverwarde MAN na schot
2013-04-22;Politie schiet op man in Uithoorn
2013-04-20;Pantserwagen ramt tractor
2013-04-20;Rechter aangevallen bij bezoek aan verwarde man
2013-04-16;Spanning is te snijden in aanloop naar de inhuldiging
2013-04-10;'Moet er brand uitbreken?'
2013-04-09;De droom van elke politieagent
2013-04-03;Naaktloper afgevoerd
2013-03-29;Dit is  niet uit  te roeien
2013-03-28;'Bedreigen van politici, dat is niet uit te roeien'
2013-03-25;Verwarde man richt ravage aan
2013-03-23;Levenslang voor crèchemoorden
2013-03-18;Koning op de korrel
2013-03-16;Arrestatieteam veroorzaakt dodelijk ongeluk meisje (18)
2013-03-16;Meisje doodgereden door politie
2013-03-16;vrouw op bromfiets
2013-03-16;Dode na botsing met politieauto
2013-03-05;Vrouw bij McDonald's dreigt met antrax
2013-03-04;Drenkeling hijst zichzelf op de kant
2013-03-04;Tilburger (52) rijdt politiebureau binnen
2013-03-01;Schandaal rond dood verwarde man in politiecel
2013-02-25;Rennen
2013-02-25;Man maakt wilde rit met gestolen taxi
2013-02-22;Politiebaas legt werk neer na overlijden echtgenote
2013-02-22;Politiechef schort werk voorlopig op
2013-02-22;Performer
2013-02-07;Door het lint
2013-02-07;Delanoë trekt band met Amsterdam aan
2013-02-01;Onderzoek golfbaancrosser
2013-01-31;Verwarde man steekt vrouw
2013-01-29;Meer dan een symbool
2013-01-29;Tijdlijn
2013-01-29;Een gebeiteld koningschap
2013-01-25;Zwaaien met vuurwapen
2013-01-24;Verwarde man mishandelt buschauffeur
2013-01-24;Buschauffeur  gemolesteerd
2013-01-24;Met geweer de tram in
2013-01-24;Verwarde man mishandelt chauffeur
2013-01-22;plaquette bij huis waar verzetskrant begon
2013-01-21;`Had dat pistool gewerkt, dan was ik dood geweest'
2013-01-21;eEn Verwarde man denkt dat hij minister is DESPELD........................................................................................................................................................
2013-01-21;Aanslag schokt Bulgaren
2013-01-19;GVB werft met tram mensen voor Burgernet
2013-01-17;Medisch beroepsgeheim versoepeld
2013-01-17;Eindelijk bedankje voor heldin Monique
2013-01-16;Opvoeding verhelpt niet
2013-01-15;Zwembad Heemskerk loopt leeg na lek
2013-01-15;Bijl-dreiger
2013-01-11;Bommelding bij consulaat VS
2013-01-09;Fietsklapper
2013-01-09;Je zal er maar onder wonen
2013-01-08;Nabestaanden eisen  vervolging agenten
2013-01-08;'Politie al eerder bij zonderlinge Johan'
2013-01-07;Alpenmoord
2013-01-03;Drama treft geliefd stel
2013-01-03;Verwarde vrouw overleeft val op spoor
2013-01-03;Verwarde vrouw overleeft tussen de rails
2013-01-02;2013 wordt een feestjaar in Amsterdam
2012-12-29;'Verdronken' peuter blijkt gewurgd
2012-12-27;`ADoptieplan' voor arme Zeeuwse kinderen
2012-12-27;Wildwesttaferelen tijdens kerstdagen
2012-12-21;`Mijn vrouw werd acht keer gestoken. Een wonder dat ze het overleefde'
2012-12-12;Harde lessen hulpverleners
2012-12-10;Een klier die mensen opjut
2012-12-07;Oververhit
2012-12-06;Extra beveiliging bij training op Varkenoord
2012-12-06;Grote ophef om gruwelfoto
2012-12-06;Gruwelfoto schokt New York
2012-12-06;new york post metrodrama
2012-12-05;Verwarde man verstoort weer training Feyenoord
2012-12-05;Dwaas bij Feyenoord
2012-12-05;Feyenoord gaat training beter beveiligen
2012-11-30;Verwarde man op de training
2012-11-28;Verwarde bedreiger
2012-11-27;Onderzoek Rishi richt zich op tegels perron
2012-11-24;Kom van dat paard af!
2012-11-12;Burgernet werkt, 'maar speel niet voor politieagentje'
2012-11-06;Gewapende man verschanst zich in huis
2012-11-05;Gewapende man in woning Rotterdam
2012-10-23;Sky High James Bond
2012-10-17;Verwarde man valt vader met baby aan
2012-10-11;Man gijzelt moeder
2012-10-08;Politieagent steeds vaker slachtoffer geweld
2012-10-05;Archetype
2012-10-05;Wat is er mis met  een knuppel?
2012-10-04;Schoten bij aanhouding
2012-09-28;verwarde vrouw   fietst over A2
2012-09-28;Peking is ver weg
2012-09-19;kort amsterdam
2012-09-17;Gooier waxinelicht op Prinsjesdag in de cel
2012-09-12;Heeft Max nooit van Chipshol gehoord?
2012-09-11;Moordenaar bekent,  toch vrijgesproken
2012-09-10;Politie lost schoten     bij kalmeren van man
2012-09-10;Verwarde man valt uit balkon na schot
2012-09-10;Politie lost schoten bij kalmeren man
2012-09-03;Onderzoek na dood agressieve arrestant
2012-08-30;Geen onlusten na vrijlating Martin
2012-08-29;'Ik hoop dat ze richting Malonne een kogel tussen de ogen krijgt'
2012-08-28;Zes jaar cel geëist na dubieuze dood
2012-08-25;Wie niet weg is, is gezien
2012-08-23;  Niet raar om bij je moeder ramen te zemen 
2012-08-23;'Zelf de ramen lappen voor je moeder'
2012-08-17;Voor neersteken politieman acht jaar cel geëist
2012-08-17;Haaksbergen houdt het hoofd gebogen
2012-08-02;Je bent wat je koopt
2012-07-27;Daklopers bekogelen brandweer
2012-07-23;Politie haalt verwarde man en vrouw van dak
2012-07-23;Slapend stel houdt politie Amsterdam uren bezig
2012-07-21;Totaal verward
2012-07-18;Huwelijksaanzoek van verwarde man
2012-07-16;Versnippering dreigt door wildgroei meldpunten
2012-07-11;Sluipmoorden om naam te zuiveren
2012-07-10;Arnhemse aangehouden na trekken mes in Kerk
2012-07-06;psychiatrisch patiënt bespuugt agent
2012-06-25;Explosieve situatie
2012-06-23; Je geloofde
2012-06-23;Vrouw gearresteerd na dood man in Boxtel
2012-06-22;Verwarde man zorgt voor opschudding
2012-06-21;Politie beëindigt gijzeling Toulouse
2012-06-20;Indringende klassieker
2012-06-19;verwarde man loopt naakt door tuinen
2012-06-16;Ze voert haar dode man thee
2012-06-11;Man duwt auto het kanaal in
2012-06-11;Verwarde man zaait paniek
2012-06-11;Verwarde man duwt eigen auto kanaal in
2012-06-02;Sigarenroker met Duits accent
2012-06-02;Met Freud op zoek naar de moordenaar
2012-05-26;Dode bezoeker
2012-05-23;Bommelding in vliegtuig
2012-05-12;Getwitter ontaardt  in massahysterie
2012-05-11;Huizen Culemborg ontruimd na gaslucht
2012-05-02; Actieheld  bedreigt man op straat
2012-04-28;Man zet Londen op stelten
2012-04-28;Kabinet Tsjechië krijgt vertrouwen parlement
2012-04-24;Dode baby in vuilniszak
2012-04-24;verwarde man steekt zichzelf en overlijdt
2012-04-24;Dode baby in vuilniszak is meisje
2012-04-24;Getuige weet meer over dode baby in Liempde
2012-04-20;Hans Wijers' laatste tocht
2012-04-11;Meer klachten geesteszieken
2012-04-06;vrouw met mes hindert het treinverkeer
2012-04-06;Treinverkeer verstoord door verwarde vrouw
2012-04-04;Van dak geplukt
2012-03-21;verwarde man sticht brand in eigen woning
2012-03-16;Een verwarde man uit '41
2012-03-14;Wie gooit er nou fietsen, tv s en bankstellen op de A7?
2012-03-14;Salafisten mogelijk achter aanslag op moskee
2012-03-13;Dode in politiecel
2012-03-08;Zelfverbranding vrouw voorkomen
2012-03-07;verwarde man weigert spoorbaan te verlaten
2012-03-02;Commotie om stekende man
2012-03-02;Na 1-1-2 en 1-4-4 nu ook '1-1-3 voor psychiatrie'?
2012-03-02;Crisisdienst GGD krijgt steeds meer werk
2012-03-01;Naakte man brengt nacht door in kliko
2012-03-01;Schitterende rol Charlize Theron
2012-02-25;Criminelen in therapie
2012-02-23;Bij de vrouwen gaat het tussen  knap en ontroerend
2012-02-22;Beste actrice: heel knap of met gevoel
2012-02-17;Bommelder Schiphol langer vast
2012-02-14;Bommelding op Schiphol
2012-02-13;Verwarde man verstoort column Bas Heijne DE&emsp
2012-02-13;Deel Schiphol ontruimd na bommelding
2012-02-10;Fries niet vervolgd voor opgraven vader
2012-02-08;Bomalarm bij islamitische school
2012-02-08;School leeg na bommelding
2012-02-08;Islamitische basisschool ontruimd
2012-02-04;verwarde man steekt eigen huis in brand
2012-02-02;Agent schoot uit noodweer
2012-02-02;Hollande belaagd met meel
2012-01-28;Bezuiniging op crisisopvang: 'Ik voorspel grote drama's' Alleenstaande loopt groter risico op dwangopname
2012-01-24;Van pot gerukt
2012-01-23;Gewonde politica stapt uit Congres
2012-01-21; Als iemand me hindert, duw ik hem een infuuszak in zijn hand 
2011-12-29;Isoleercel als laatste redmiddel
2011-12-24;En toe nemen we een ijsje uit de oven
2011-12-23;Met zulke vrienden heeft Wolf...
2011-11-28;Man hakt met bijl in op agent
2011-11-28;Verwarde man in Beilen slaat  agent met bijl
2011-11-24;Streetwise in de ChristenUnie
2012-11-09;Noteren als tweede natuur
2011-10-25;NA 28 OKTOBER WORDT HET NOG VEEL WILDER
2011-10-22;'Pechvogels: de mensen hier zijn ook slachtoffer' Na psychose en geweld weer veilig op weg naar buiten Eén tbs'er wil met een receptie zijn vertrek vieren
2011-10-19;WAT BEZIELT EEN STALKER?
2011-10-18;Erfgename l'Oréal onder curatele
2011-10-15;Verwarde vrouw steelt 120 grafmonumenten
2011-10-10;Man springt uit bouwkraan utrecht CS
2011-10-07;Verwarde man verbrandt auto s
2011-10-05;Man dreigt met aanslag
2011-10-05;Capelle op scherp na dreiging  zielige  man
2011-10-05;Politie pakt verwarde inwoner Capelle op
2011-10-04;Leeghalen van graf bleef paar dagen onopgemerkt
2011-10-03;Chauffeur ambulance met mes gestoken
2011-09-30;kerkhofdief blijkt      een verwarde man
2011-09-30;Verwarde man steelt van begraafplaats
2011-09-28;Hello beauty! Cabaret
2011-09-26;Zwerver Column
2011-09-26;'Ik begrijp niet waarom ik weg moet'
2011-09-26;Drie premières in de schijnwerpers
2011-09-26;Kritiek PvdA op geestelijke gezondheidszorg
2011-09-23;Politie raakt messentrekker en omstander op vol terras
2011-09-22;Zo'n waxinelichtwerper? Daar heeft hij dus niets mee
2011-09-22;Een slaatje slaan uit de Schreeuw
2011-09-15;Woordspelletjes en exclusief: de verwarde man
2011-09-10;Waakzaamheid weer inruilen voor zelfvertrouwen?
2011-09-07;Abdullah maakte ook vrouwendag in Balie onveilig
2011-09-07;Ook bij beveiliging van koningshuis kan het veiligheidsdenken doorslaan
2011-09-06;De Damschreeuwer glimlacht charmant
2011-09-06;Dunne scheidslijn tussen 'verward' en 'gevaarlijk'
2011-09-05;Weer evenement Beatrix verstoord
2011-09-05; Er is geen bom of zo. Blijf maar zitten 
2011-09-05;Nep-Jezus krijgt jubileum niet stuk
2011-09-05;Man (39) verstoort concert met koningin
2011-09-05;Verstoorder concert tegen wil opgenomen
2011-09-01;Politie kijkt of schutter bekende is
2011-08-30;Nieuw museum voor Limburgse schutterij
2011-08-29;Moordenares zoontjes  des duivels 
2011-08-22;Man overlijdt na schot door agent
2011-08-22; Hallo, politie? Ik ben aan het spookrijden! 
2011-08-22;Man overlijdt na schot van politieagent in Apeldoorn
2011-08-22;Apeldoorner gedood door politiekogel
2011-08-22;Giffords op de hoogte van schietpartij
2011-08-19;brandweer redt verwarde vrouw
2011-08-13;Lichamen kinderen  in uitgebrande auto
2011-08-12;Politie  trekt vaker het pistool
2011-08-09;Op Boulevard duiken zoals het hoort overal toneelspelers op
2011-08-08;Familie praat over Udense kofferbakmoord
2011-08-01;Wijkagent popelt om te twitteren
2011-08-01;Man wil zich in brand steken bij tankstation
2011-08-01;Man wil zich in brand steken bij pomp
2011-07-30;Politie haalde verwarde man terecht niet uit water
2011-07-23;Water en vuur
2011-07-22;Britse pers en politiek te innig
2011-07-16;Politie en GGZ kunnen wel degelijk samenwerken
2011-07-15;Verwarde man zwaait met zwaarden
2011-07-12;Hoe vind je zo iemand?
2011-07-08;verwarde vrouw loopt snelweg A28 op
2011-07-06;Man wilde ook kinderen doden
2011-07-06;Verwarde vrouw      uit water gehaald
2011-07-02;Om half zeven staat de buffel voor de deur
2011-07-01;Ontploffing van huis bestraft met 3 jaar cel
2011-06-30;Ontregelend Film
2011-06-29; Bij misdrijf kan mijn moeder nog leven 
2011-06-25;Man in zijn woning door politie neergeschoten
2011-06-24;Paspoort
2011-06-23;Boeken nieuws
2011-06-23;Ermeloër met zwaard zorgt voor paniek
2011-06-16;Werner Herzogs fantastische details
2011-06-09;1978
2011-06-08;Verwarde man slaat gat in muur naar buren
2011-06-07;Gewonde uit Hoensbroek naar huis
2011-06-07; Drama Hoensbroek niet uit te sluiten 
2011-06-06;Veroorzaker onrust op vredenburg weer vrij&discReturn
2011-06-06;Dader Hoensbroek deed aankondiging Facebook
2011-06-04;Bloedbad in Limburg
2011-06-04;Vier slachtoffers bij geweld Hoensbroek
2011-06-04;Twee mensen komen om bij geweld in Hoensbroek
2011-06-03;niet te missen
2011-06-03;Het was maar een clown 
2011-05-31;Verwarde man maakt kerkbezoekers bang
2011-05-28;Redelijken en gekken op zoek naar luisteraars in zaak-Wilders
2011-05-25;Het drama van Taizé
2011-05-19;Verwarde man zit twee etmalen op dak
2011-05-19;Man in Basel na twee dagen van dak gehaald
2011-05-14;Verwarde man onthoofdt vrouw in druk winkelcentrum
2011-05-05;Waardige en rustige dodenherdenking
2011-05-05;Indrukwekkendebijeenkomst sust politiek rumoer
2011-05-05;Twee muisstille minuten op de Dam in Amsterdam
2011-05-04;Stilte
2011-05-03;De schreeuwer komt er niet met een behandelingetje vanaf
2011-05-02;verwarde vrouw gooit loden bal naar politie
2011-04-30;Waanzin zal altijd met ons zijn
2011-04-27;groninger bedreigt partner en vriendin
2011-04-21;'Wij zijn sterker dan één verwarde man'
2011-04-20;Brand in Sagrada Família van Gaudí
2011-04-20;Sagrada Família in vuur en vlam
2011-04-19;Gedichten zijn de avondcolumns
2011-04-16;Politie pakt onruststokers op in Ridderhof
2011-04-16;Politie pakt dreigende twitteraar stevig aan
2011-04-16;Politie legt drie keer winkelverbod op in Alphen
2011-04-14;De massamoordenaar is niet in één profiel te vangen
2011-04-13;Psychiatrische cliënt is zachtaardig
2011-04-12;verwarde vrouw blijkt serieuze zonaanbidster
2011-04-12;Hoogtezon
2011-04-11;Moorddadige middag  in Alphen aan den Rijn
2011-04-01;Veel politie op Koninginnedag
2011-03-31;Bewoners zijn ouder, het werk zwaarder
2011-03-31;Straks moet je je koffie zelf op de gang  halen
2011-03-25;Cel en tbs voor gooier tegels A12
2011-03-21;Politie schiet op man met pijl-en-boog
2011-03-19;Al een half jaar in de cel voor het bekogelen van de Gouden Koets
2011-03-19;'Geen fouten GGZ bij brand in cel van verwarde man'
2011-03-17;Van Gogh leeft voort in het Franse Auvers
2011-03-11;Stenengooier wilde voor lange tijd vast
2011-03-07;Verwarde man      naakt op pad
2011-03-02;Verwarde man steelt ambulance in Sittard
2011-02-26;New York Bureau PSA 7
2011-02-07;Verwarde man dreigt flat op te blazen
2011-02-03;Haagse zelfverbranding geen politieke daad
2011-02-02;Een laatste poging goed te doen
2011-02-01;Verwarde vrouw schopt kinderen
2011-01-29;Politieverdriet
2011-01-26;Hans Laroes weg bij NOS
2011-01-22;Geen titel
2011-01-13;Obama heelt zachtjes Republikeinse wonden...
2011-01-13;Bevelhebber luchtmacht had slok op
2011-01-11;Man stabiel
2011-01-10;En dit gebeurde er nog in het weekend
2011-01-10;Militante taal VS ter discussie
2011-01-10;Politie schiet op verwarde bomenslaander
2011-01-10;VS in shock na aanslag op Congreslid
2011-01-10;Motief onbekend
2016-09-02;8